Kelime,Anlam
Ab,Su
Aba,Abla / Anne
Abacı,Aba yapan / Asalak / Bedavacı
Abak,Abaküs / Deri heykel resim gibi şekiller
Abat,Bayındır
Abe,Rumeli'de kullanılan seslenme sözü
Abi,Ağabey
Abis,Okyanusların derin yerleri
Abiş,Maden havanı
Abo,Şaşma / Hayret sözü / Abu
Abu,Şaşma / Korku ifadesi
Abuk,Saçma / Söz
Acar,Atılgan / Çevik / Enerjik / Acara
Ace,Servis sayısı
Acem,İranlı
Aceze,Acizler
Acı,Tat
Acılı,Acısı olan
Acılık,Acılı olma
Acil,Hemen yapılması gereken
Acun,Dünya
Acur,Kabakgillerden meyve
Aç,Gözü doymaz
Açar,Anahtar / Ön içki
Açı,Görüş / Yön
Açık,Engelsiz / Serbest
Açım,Açma
Açıt,Duvarda pencere için bırakılan yer
Açmaz,Içinden çıkılmaz zor durum
Ad,İsim / Nam
Ada,Deniz ile çevrili küçük kara parçası
Adak,Adanılan şey / Nezir
Adaş,Adları aynı olan
Aday,Namzet
Adet,Sayı / Tane
Adıl,Zamir
Adım,Yürüme hareketi
Adi,Aşağılık / Alçak / Bayağı
Adil,Adaletli
Af,Bağışlama
Afak,Ufuklar
Afat,Afetler
Afi,Gösteriş / Çalım / Caka
Agah,Bilir / Bilgili
Ağ,Kafes şeklinde örgü
Ağa,toprak sahibi
Ağaç,Tahta / Kereste
Ağalık,Ağa olma durumu / Cömertlik
Ağı,Zehir
Ağıl,Küçükbaş hayvan barınağı
Ağılı,Içinde ağı bulunan / Zehirli
Ağış,Ağma işi / Yağış karşıtı
Ağıt,Ölümden duyulan acıyı ifade eden ezgi
Ah,Beddua
Aha,Işte
Ahali,Bir yerde toplanan kalabalık
Ahi,Cömert / Ahilik ocağından olan
Ahir,Son / Sonraki
Ahit,Antlaşma
Ahu,Ceylan
Ak,Beyaz / Temiz
Akı,Güç çizgileri / Seyelan
Akıl,Bellek / Düşünce
Akın,Düşman topraklarına yapılan vaskın
Akış,Akma işi / Akın
Akide,Şeker
Akik,Değerli bir taş
Akil,Akıllı
Akim,Kısır / Verimsiz / Başarısız
Akit,Sözleşme
Akli,Akılla ilgili
Akne,Sivilce
Aks,Dingil
Akur,Kuduruk / Azgın / Şiddetli
Akü,Akümülatör
Al,Kırmızı / Aldatma / Tuzak / Hile
Ala,Karışık renkli / Alabalık
Alaz,Alev
Alev,Alaz / Şule / Yalım / Yalaz
Alg,Su yosunu
Alıç,Sert gövdeli ağaç ve yemişi / Akdiken
Alım,Çekicilik / Çalım / Gurur
Ali,Yüce / Yüksek
Alil,Hastalıklı
Allı,Üzerinde al renk bulunan
Allık,Süs için yanaklara sürülen boya
Alo,Telefon konuşması bsşlangıcı
Alp,Yiğit / Kahraman
Alto,Viyola
Am,dişilik organı
Ama,Lakin
Amaç,Gaye / Hedef
Aman,Yardım isteği
Amasra,Bartın ilçesi
Amel,Iş / İshal
Amil,Etken / Sebep / Faktör
Amin,Dua kabul sözü
Amir,Buyuran / Buyurucu
Amit,Amonyaklı bileşik
An,Zihin
Ana,Anne
Anaç,Anne gibi / Kurnaz
Anal,Anüsle ilgili
Anat,Anlar / Zamanlar
Andıç,Uyarı notu
Anı,Hatıra
Anıt,Önemli eser
Ani,Ansızın yapılan
Anjin,Boğak / Hünnak
Anlak,Zeka
Anlık,Kısa süren
Anten,Duyarga / Elektromanyetik dalga toplayan cihaz
Anti,Karşı / Zıt
Antik,Ilk çağ uygarlıkları ile ilgili
Antika,Antik
Ar,Utanma
Ara,İki şeyin ayıran mesafe
Aracı,Arabulucu
Araf,Cennet cehennem arası köprü
Arak,Rakı türü
Araka,Iri taneli bezelye
Arap,Ortadoğu ve Afrika halkından olan / Koyu esmer / Fellah
Arı,Bir böcek türü / Saf / Temiz / Günahsız
Arış,Kolun dirsekten parmaklara kadar bölümü / Çözgü
Arıza,Aksama / Aksaklık / Engebe
Ark,Açık oluk / Arık
Arsa,Yapı uspılmak için ayrılan yer
Arşe,Keman yayı
Art,Arka / Geri
Artık,Geri kalan
As,Başta gelen kimse
Asalak,Parazit / Tufeyli / Ekti
Asan,Kolay / Kolayca
Ası,Afiş
Asır,Çağ / Yüzyıl
Asırlık,Yüzyıllık
Asit,Hamız / hidrojenli bileşik
Asri,Çağdaş
Astar,Kumaşın içine dikilen ince kat
Aş,Yemek
Aşarcı,Aşar toplayan kişi
Aşı,Tedavi sıvısı
Aşım,Aşma işi
Aşk,Sevgi / Amor / Sevi / Sevda
Aşure,Bir tür tatlı
At,satranç taşı / bir hayvan
Ata,Büyükler / Babalar
Atama,Tayin / Nasıp
Atar,Güç gösterisi
Ataş,Tutturgaç
Ataşe,Elçilik uzmanı
Ate,Tanrıtanımaz
Atım,Atma işi
Atış,Atma işi
Ati,Gelecek
Atik,Çabuk davranan / Çevik
Av,Hayvan vurma işi
Avar,Bir Kafkas halkı
Avaz,Yüksek ses
Avcı,Avı kendine iş edinen kimse
Avuç,Elin parmak ucu bilek arası bölümü / Hapaz / Koşam
Avurt,Yanağın ağız boşluğuna denk gelen bölgesi
Ay,Zaman birimi
Aya,Avuç içi
Ayak,Bacakların yere basan bölümü
Ayar,Değer / Derece / Ölçü
Ayaş,Ankara ilçesi
Ayaz,Çok soğuk
Ayet,Kur'an'ın surelerinin kısımları
Aygıt,Alet / cihaz
Ayı,Hayvan
Ayıcı,Ayı oynatıcı
Ayık,Sarhoşluğu geçmiş kişi
Ayın,Arap alfabesinde bir harf
Ayin,Dini tören / Ritüel
Ayol,Seslenme sözü
Ayrı,Başka/ Başka türlü
Ayrıç,Yol kavşağı
Az,Nitelik belirtme
Azat,Serbest bırakma
Azel,Oligopol / Piyasa türü
Azı,Diş türü
Azık,Nevale
Azış,Azma işi
Azil,Görevden alma
Azimli,Azmi olan
Azot,Bir element
Babi,Babilik yanlısı
Baca,Dumanı ocaktan çekip havaya veren yol
Bacı,Kızkardeş
Baç,Zorla alınan para / Haraç
Bad,Rüzgar
Bade,Şarap / İçki
Badem,Yemiş
Badik,Ördek / Palaz
Badire,Birden ortaya çıkan tehlikeli durum
Bağa,Kaplumbağa
Bağıl,Görece
Baht,Şans / Kader / Talih
Bakış,Bakma işi
Bakmak,Beslemek / Geçindirmek
Bal,Arıların bal özünden ürettiği madde
Bala,Yavru / Çocuk
Bale,Sahne düzeni ve müziğe dayalı gösteri türü
Balen,Yaka düz tutucu çubuk
Balina,Deniz canlısı
Ballı,Şanslı
Bam,Sazın en kalın teli
Ban,Osmanlı'da Macar ve Hırvat prens ünvanı
Banal,Bayağı / Sıradan
Bani,Kurucu / Yapan
Bant,Yaraya yapıştırılan ilaçlı şerit
Bap,Kapı
Bar,Eğlence yeri
Bara,İletken çubuk
Barak,Kıllı çuha
Baraka,Eğreti yapı
Barem,Maaş çizelgesi
Bari,Keşke
Bas,En kalın erkek sesi
Basık,Basılmış / Yassılaşmış
Baş,Başlangıç / Topluluk yöneticisi
Bat,Boru ağzı açmaya yarar takoz
Batı,Güneşin battığı yön
Batılı,Batı uygarlığını benimseyen kimse
Batış,Batma işi
Bav,Avcılığa alıştırma
Bay,Erkek
Bayi,Belli ürünleri satma izni olan kişi veya kuruluş
Baz,Temel
Be,Seslenme sözü / Harf
Bed,Kötü / Çirkin
Beğeni,Duygu / Zevk
Bej,Bir renk
Bek,Savunma oyuncusu / Sağlam
Beka,Kalıcılık / Ölmezlik
Bel,Işaret / Sırt altı
Bela,Güç sıkıntılı durum
Belli,Belirli
Ben,Vücutta beliren kabartı
Benek,Nokta / Puan
Bent,Bağ / Rabıt
Berk,Sert / Katı / Sağlam
Beş,Sayı
Bet,Beniz ile birlikte yüz rengi anlamında
Beta,Yunan harfi
Bez,Pamuktan düz dokuma
Bide,Bir tuvalet aracı
Bilye,Misket / Cıncık / Zıpzıp
Bilyeli,Bilyesi olan
Bin,Sayı
Bina,Yapı / Çatı
Binek,Binmeye yarayan
Biniş,Binme işi
Bir,Sayı
Biri,Bilinmeyen kimse
Bis,İkinci kez
Bişi,Çörek
Bit,Asalak böcek
Bitik,Kötü / Fena / Yapışık
Bitim,Son / Bitme işi
Biz,Birinci çoğul şahıs
Boğa,Damızlık erkek sığır
Boğak,Anjin
Bok,Dışkı
Boksör,Boks yapan kimse
Bol,Dar karşıtı
Bone,Başlık çeşidi
Bora,Rüzgar
Boru,Sıvı aktarmaya yarayan silindir
Boş,Anlamsız / İlgisiz / İşsiz
Bot,Küçük gemi / Ayakkabı türü
Boza,Arpa darı ve mısır gibi tahıllardan yapılan tatlı ve mayhoş içecek
Bozum,Bozulma işi / Mahçupluk
Böce,Böcü
Böğ,Örümcek türü
Böke,Şampiyon / Kahraman
Bön,Budala / Saf
Bu,İşaret
Buji,Motorlarda yakıt tutuşturma aracı
Bul,Düzeltilmiş tahta
Bula,Yenge
Bun,Sıkıntı
But,İnsanda diz ile kalça arası bölüm
Buz,Donmuş su
Bük,Dönemeç / Böğürtlen
Büro,Bölüm / Şube
Büve,Bir çeşit saldırgan sinek
Büz,Künk
Cağ,Parmaklık / Korkuluk
Cahil,Öğrenim görmemiş
Caiz,Dince yapılmasında sakınca olmayan
Caka,Gösteriş / Çalım / Fiyaka / Kabadayılık
Cam,Sert saydam çabuk kırılır cisim
Cami,Müslümanların ibadet için toplandıkları yer
Can,Kişi / Birey
Cani,Acımasız / Gaddar
Canik,Samsun ilçesi
Canlı,Canı olan / diri yaşayan
Car,Çağrı
Cari,Geçerli
Carlı,Cat giyinmiş olan
Caz,Bir müzik türü
Ce,Harf
Cedi,Oğlak
Celi,Açık / Aşikar
Celp,Çağrı belgesi
Cem,Toplama/ Çokluk
Cemal,Yüz güzelliği
Cemil,Güzel erkek
Cenk,Kavga / Çekişme / Savaş
Cep,Giysilerde bir şey koymak için astardan yapılmış parça
Cer,Çekme / Sürükleme
Cet,Ata / Büyükbaba
Ceza,Suç işleyen kişilere uygulanan yaptırım
Cık,Yok olmaz anlamında bir söz
Cıs,Çocukları ateşe karşı uyarma
Cız,Ateş
Cızık,Çizik
Cici,Sevimli / Cana yakın
Cicim,Kilim çeşidi
Cila,Parlatma
Cilt,Ten / Kitap kapağı
Cilve,Kırıtma / Naz
Cim,Arap harfi
Cin,Akıllı / Zeki
Cins,Tür / Çeşit
Cip,Arazi aracı
Cop,Kalın kısa değnek
Cuk,Denk gelmek
Cukka,Hayvan veya insan memesi
Cuma,Haftanın günlerinden
Cup,Suya düşme sesi
Cüce,boyu kısa olan
Çad,Afrika ülkesi
Çağ,Zaman dilimi
Çağa,Çocuk / Bebek
Çak,Yırtık / Yarık
Çakra,İnsan vücudundaki enerji noktaları
Çal,Taşlık yer / Denizli ilçesi
Çalak,Eline ayağına çabuk
Çam,Ağaç
Çamur,Su ile karşınca batılan balçık
Çan,Çanakkale ilçesi
Çanlı,Çanı olan
Çap,Ölçü / Ölçek
Çar,Rus imparatoru
Çark,Tekerlek şeklinde makine parçası
Çatı,Barınılan yer
Çatık,Çatılmış olan
Çay,Bitki
Çayır,Otlak alan
Çe,Harf
Çeç,Tahıl elenen kalbur
Çeçe,Uyku hastalığı taşıyan sinek
Çek,bir Slav ırkı
Çeki,Tartı / Odun ölçü birimi
Çekiş,Motor gücü
Çelik,Demir karbon alaşımı
Çember,Fıçıların dağılmasını engelleyen kuşak
Çığa,Mersin balığı türü
Çıkı,Çıkın
Çıma,Halat ucu
Çın,Doğru / Gerçek
Çıra,Çabuk yanabilen ağaç bölümü
Çırak,Dükkanda usta yanında çalışan
Çıt,Hafif ve anlık ses
Çıta,Düzgün kesilmiş ensiz tahta
Çift,Küçük maşa / eş
Çiğ,Pişmemiş
Çiğil,Eski Türk boylarından
Çiğli,İzmir ilçesi
Çil,Yüzde oluşan kahverengi lekeler
Çim,Yeşilliği bol olan yer
Çimen,Kendiliğinden yetişen çim
Çin,Ülke adı
Çine,Aydın ilçesi
Çinli,Çin halkından olan
Çip,Yonga
Çir,Kayısı erik kurusu
Çis,Şekerli öz su
Çise,Ince yağmur / Çisenti
Çiş,İdrar
Çit,Yazma / Yemeni
Çita,Etçil bir hayvan
Çiy,Küçük su damlası
Çoğu,Büyük bölümü
Çokal,Savaşta giyilen zırh
Çöl,Issız geniş arazi / Sahra / Badiye
Çul,Kaba dokuma
Çük,Erkeklik organı
Çüş,Hayvan durdurma sözü
Dağ,Yer şekli
Daği,Dağ türküsü
Dağlık,Birçok dağ olan yer
Dal,Branş / Arka / Kol / Sırt
Dalamak,Köpek kurt ısırması
Dalan,Lobi / Biçim / Şekil
Dam,Kiremit ile örtülü yer / Cezaevi
Dama,Kareli zeminde oynanan bir oyun
Dank,Birden ayılmak
Dans,Müzik temposuna uyularak yapılan estetik hareketler / Raks
Dar,Az / Sınırlı
Dayak,Insan ya da hayvanı dövmek
Daz,Dazlak
Dazkır,Yarı çöl özelliği gösteren yer
Dazkırı,Afyonkarahisar ilçesi
De,Harf
Def,Savma
Defo,Kusur / Özür / Bozukluk
Deh,Hayvan yürütme sözü
Deha,Dahi
Dek,Sağlam / Düzen / Hile / Entrika
Dekan,Fakülte yönetiminden sorumlu profesör
Deli,Aklını kaybetmiş
Delil,Kanıt / Rehber
Dem,Zaman / Çağ
Demir,Bir element
Demo,Tanıtım gösterisi
Dert,Üzüntü / Hastalık
Dertop,Getirilmek / Büzülmek
Derz,Duvar taşlarının harçla doldurulup mala çekilen aralığı
Deşik,Deşilmiş olan
Dev,Olağan üstü iri olan
Deve,Hörgüçlü bir hayvan
Dik,Sert / Kalın / Tok
Dil,Tat alma organı
Dimi,Pamuklu kumaş türü
Din,İnanç
Dinek,Dinlenmek için durulan yer
Dip,Taban / alt bölüm
Diri,Güçlü / Canlı / Zinde
Diş,Çiğneme organı
Dişi,Kadın / Doğurgan birey
Dişlek,Dişleri dışarı çıkık kimse
Diya,Slayt
Diz,Kaval baldır ve uyluk kemiklerinin birleşim yeri
Dize,Mısra
Dizel,Motor çeşidi
Do,Nota
Doğan,Yırtıcı kuş
Dok,Gemi havuzu
Don,Iç giysi / Külot
Donam,Gemi donanımı
Doru,Kızıl / Yağız at
Dost,Zamazingo / Evlilik dışı ilişki kurulan kimse
Döl,Yavru / Çocuk
Duka,Venedik altın akçesi
Dul,Eşi ölmüş kadın veya erkek
Duma,Rus parlementosunun alt kanadı
Dun,Alçak / Aşağılık
Dur,Biraz zaman geçsin anlamında söz
Duş,Suyu yukardan püskürtme ile yıkanma
Dut,Meyve çeşidi
Duy,Ampulün takıldığı yer
Dü,Iki
Dük,Avrupa'da prensten sonraki ünvan
Dün,Geçmiş / Önceki gün
Düş,Rüya
Ebat,Boyut
Ece,Kraliçe / Güzel kadın
Ecel,Ölüm zamanı
Eder,Fiyat / Paha / Değer
Edik,Kısa çizme
Edilmek,Etme işine konu olmak
Efe,Yiğit
Efes,Antik kent
Ege,Veli
Ego,Ben
Eğe,Pürtüklü çelik araç
Eğer,Şayet / Şart anlamını güçlendirmek
Eğim,Eğilmiş olma durumu
Eğin,Arka / Sırt / Beden
Eh,Olur / Peki
Ek,Tamamlama
Eke,Yaşlı / Yetişkin / Kart
Ekim,Ekme işi
Ekin,Tahılın harman olana kadar aldığı durum
Eko,Yankı
Ekol,Akım / Okul
Ekru,Krem rengine yakın beyaz
Ekşi,Sirke veya limon tadında olan
Ekü,Avro
El,kolun bilekten aşağısı
Ela,Göz rengi
Elan,Şimdi / Şu anda
Elek,Yabancı madde ayıklama aracı
Elemek,Sınav ya da yarışma yoluyla en iyileri seçmek
Eleniş,Elenme işi
Elik,Dağ keçisi
Em,İlaç / Merhem
Eman,Radyoaktif ölçü birimi
Emek,Uzun yorucu çalışma
Emet,Kütahya ilçesi
Emici,Emme özelliği olan
En,Genişlik / Damga
Enkaz,Yıkıntı / Döküntü
Enli,Geniş
Epe,Kılıç oyunu
Epey,Az denemeyevek kadar / Oldukça / Hayli
Er,Erkek
Erat,Erler
Eren,Ermiş
Erg,Büyük Sahra 'da kumullarla örtülü belge
Eril,Müzekker / Erkek cins
Eriten,Katı veya sıvı eriyebilen madde
Eriyik,Solüsyon
Erk,Kudret / İktidar
Erme,Ernek işi
Eruh,Siirt ilçesi
Es,Notada duraklama
Esami,Esame
Esen,Sağlıklı
Esenlik,Esen olma durumu
Esik,Çukur
Esin,Sabah yeli
Esir,Tutsak / Köle
Esire,Dişi tutsak / Cariye
Eşek,Atgillerden hayvan / Odun kesme sehpası
Et,Besin maddesi
Eter,Yağ çözücü / Lokman ruhu
Eti,Hitit
Etil,Organik bileşiklerin birleşimine giren hidro karbon grubu
Etüt,Ön çalışma / Araştırma
Ev,Konut / Aile
Evç,En yüce yer / Yer öte / Gün öte
Ey,Usanç ifadesi
Eyer,Binek hayvanlarının sırtına konulan binmeye yarar nesne
Eza,Üzme / Üzgü
Ezan,Namaz çağrısı
Ezel,Öncesizlik
Ezik,Pısırık / Ezilmiş / Yassılmış
Fa,Nota
Fail,Eden / Yapan / İşleyen
Fak,Tuzak / Kapan
Fakül,Benek
Fal,Geleceği öğrenme merakı
Fan,Havalandırma aracı
Fani,Işık şiddeti
Far,Taşıtlarda bulunan aydınlatma düzeneği
Fare,Sıçangillerden kemirgen hayvan
Fas,Afrika'da ülke
Faş,Ortaya dökmek
Fava,Bakla ezmesi
Fay,Kırık
Fe,Harf
Feci,Acı / Trajik
Fecir,Tan Kızıllığı
Fedai,Bir kimse ya da yeri koruyan kimse / Serdengeçti
Fen,Bilim / Bilgi
Fena,Üzücü / Kötü / İyi olmayan
Fenik,Alman markının kuruşu
Fer,Canlılık / Güç / Kuvvet
Feri,İkinci derece / Ayrıntı niteliğinde
Ferik,Tümgeneral
Fert,Birey
Fes,Şapka yerine kullanılan kırmızı başlık
Fıkra,Nükteli hikaye
Fır,Piç / Fırlama
Fırın,Pişirme aracı/ ekmek pasta üretilen yer
Fırka,Insan topluluğu / Parti
Fiğ,Baklagillerden bir bitki
Fiji,Bir ülke adı
Fil,Satranç taşı
Filar,Hafif terlik
File,Ağ
Filet,Derinliği her yerde aynı olan su
Film,Fotoğraf ve sinemada kullanılan selüloz sayfam bükülebilir şerit
Filo,Bir arada bulunan uçak veya gemi topluluğu
Fin,Finlandiyalı
Fire,Eksik / Noksan
Fiş,Prizden elektrik alan araç
Fit,Ödeşme / Razı olma
Fitil,Tutuşturucu madde
Flanel,Keten ve yünden dokunan kumaş
Flüt,Üflemeli çalgı / Flavta
Fol,Tavuğun istenen yere yumurtlaması için gereken araç
Fon,Mali kaynak göstergesi
Font,Dökme demir / Yazı karakteri
Fos,Çürük / Temelsiz / Boş / Kof
Foto,Işık / Fotoğraf
Foya,Elmasın parlak görünmesi için altına konan metal yaprak
Fuaye,Dinlenmelik
Fut,Ayak
Gabi,Ahmak / Ebleh / Bön
Gaf,Yersiz beceriksiz davranış / Pot
Gah,Bazen / Kah
Gak,Karga sesi
Gala,Ön gösterim
Gam,Tasa / Kaygı / Üzüntü
Gama,Yunan harflarinden biri
Gar,Büyük tren istasyonu
Gark,Suya batma / Boğulma
Gaz,Gaz yağı
Gazel,Sonbaharda dökülen ağaç yaprağı / Müzik eseri
Gazi,Savaştan sağ dönen kimse
Ge,Harf
Geç,Belli zamandan sonra olan
Geçit,Geçecek yer / Derbent
Gedik,Dağ geçidi / Rahne / Çatlak
Gelin,Evlenme hazırlığı olan kadın
Gem,Atı yönlendirme için ağzına takılan demir
Gen,Geniş
Genç,Ihtiyar karşıtı
Gene,Yine
Genel,Bütünü bakımından ele alınan
Gerzek,Geri zekalı
Gey,Eşcinsel erkek
Gez,Okun kirişe geçen ucundaki kertik
Gık,Ses Çıkarmamak anlamında bir söz
Gır,Söz / Lakırdı / Yalan / Uydurma
Girim,Girme işi
Girme,Girmek işi
Giz,Sır / Yelkenliler de kıçtaki bayrak direği
Go,Japon oyunu
Gol,Futbol vs. sayısı
Göç,Nakil / Taşınma
Göçer,Göçebe
Gök,Yeryüzünü saran mavi renkli kubbe
Gön,Işlenmiş deri / Kösele
Gram,Ölçü birimi
Grip,Enflüanza / Paçavra hastalığı
Gut,Damla hastalığı
Güç,Mutlak nitelik
Gül,Çiçek cinsi
Güm,Derin gürültü
Gün,Zaman / Sıra / Gündüz
Ha,Şaşma sözü
Hab,Uyku
Hacı,Kutsal yerleri ziyaret eden müslüman
Haç,Hıristiyanlık sembolü / İstavroz
Had,Sınır / uç
Hadi,Haydi
Hafi,Gizli / Saklı
Hain,Hıyanet eden
Hak,Adalet / Pay
Haki,Yeşile çalan toprak rengi
Hal,Sebze meyve toptancısı
Halı,Yere serilen yaygı
Halt,Uygun olmayan / Beğenilmeyen
Ham,Yenecek kadar olgun olmayan
Hamel,Koç
Hami,Koruyucu
Hamil,Elinde bulunduran
Hamut,Araba koşum malzemesi
Hane,Ev / Konut
Hani,Nerede / Ne oldu
Hara,Hare / At yetiştirilen yer
Haraç,Zorbalıkla alınan para
Hasır,Sazdan örülen örtü
Hat,Çizgi / Yazı
Hata,Yanlış / Kusur / Günah
Hav,Köpek sesi
Hava,Gökyüzü / Esinti
Haz,Hoşlanma / Zevk
Haza,Tam anlamıyla
He,Harf / Evet
Hece,Bir solukta çıkan ses
Hele,Uyarma / Özellikle
Hep,Her zaman / Daima
Hey,Dikkat çekme sözü
Heyet,Kurul
Hık,Hıçkırık sesi
Hır,Kavga / Dalaş
Hırt,Sersem / Budala / Ahmak
Hız,Boş / Değersiz
Hiç,Boş / Değersiz
Hin,Kurnaz / Cin fikirli
His,Duygu / Duyu
Hiş,Hişt
Hol,Sofa
Hor,Değersiz / Aşağı
Höt,Korkutma sözü
Hu,Tanrı / Neredesin anlamında
Hun,Kan
Huni,Ağızlık / Sıvıyı dar kaba aktarmak için kullanılan araç
Huş,Kerestelik ağaç cinsi
Huylu,Işkilli / Kuşkulu
Hür,Özgür
Ih,Deve çöktürme sesi
Ikram,Sunulan şey / Konuk ağırlama
Ilca,Zorlama / Zorunda bırakma
Ilıca,Erzurum ilçesi
Ilık,Sıcak ve soğuk arası
Ilım,Itidal / Ölçülülük
Illaki,Illa
Imal,Yapım
Imbat,Deniz yeli
Ip,Iplik / Asarak öldürme cezası
Ir,Şiir
Ira,Karakter
Irak,Uzak
Iri,Olağanı aşan büyüklük
Irk,Soy
Irlama,Irlamak işi / Yırlama
Irmak,Nehir
Irz,Dokunulmaması ve saygı gösterilmesi gereken iffet
Is,Açıklık / Doğruluk
Isın,Kalori
Işın,Işık kaynağından yayılan ışık
Itır,Güzel koku
Izaç,Bunaltma / Tedirgin etme
İaşe,Besleme / Bakma
İbis,Mısır turnası
İcar,Kira
İç,Oyuk boşluğu
İçel,Mersin 'in eski adı
İçin,Amacıyla / Maksadıyla
İçit,Içilecek şey
İçli,Duygulu / Hisli
İçlik,Içe giyilen çamaşır
İçme,İçmek işi
İd,İlkel benlik
İde,Düşünce
İdil,Şırnak ilçesi
İfa,Yapma / Yerine getirme
İflas,Yenilgiye uğrama / Değerini yitirmr
İğ,İplik
İğne,Dikiş aracı
İğsi,İğ şeklinde olan
İkaz,Uyandırma / Uyarma
İkbal,Odalık / İstek / Arzu
İkiz,Bir birine tıpatıp benzeyen
İkon,Bilgisayar program simgesi
İl,Ülke / Yurt
İla,Aralık
İlaç,Çare / Önlem
İlam,Bildirme / Anlatma
İlan,Duyuru
İlave,Ekleme / Ulama
İle,Bağlama sözcüğü
İlek,Incir dölleyen sinek
İleti,Bilgi / Mesaj
İlga,Bir şeyin varlığını ortadan kaldırma
İlim,Bilim / Nitelik
İlkel,Basit / Karmaşık olmayan
İlmi,Bilimsel
İm,İşaret
İma,Dolaylı anlatım
İmame,Tesbih tepeliği
İman,İnanç
İmar,Bayındırlık
İn,Mağara
İnci,Istridyeden elde edilen taş
İnek,Dişi sığır / İbne
İnmek,Konaklamak / Taşıt veya binek hayvanından dışarı gelmek
İp,İplik
İpek,İpek böceği kozalarından çıkarılan ince parlak tel
İrin,Cerahat
İs,Duman lekesi
İse,Olunca / Olsa da / Olursa
İsot,Kırmızı biber
İş,Bir değer yaratan emek
İşar,Yazı ile bildirme
İşkence,Aşırı eziyet çektirme
İşve,Eda / Naz / Kırıtma / Cilve
İt,Köpek
İta,Verme / Ödeme
İtalik,Eğik yazı
İti,İtici güç
İvme,Hız değişiminin zamana oranı
İye,Veli
İz,Geri kalan belirti
İzan,Anlayış
İzbe,Sapa / Kuytu
İzin,Ruhsat / Müsade
Jak,Kulaklık girişi
Jant,Taşıtlarda tekerleğin çember biçimindeki bölümü / İspit
Janti,Zarif / Kibar
Je,Harf
Jel,Jöle
Jest,Beklenmedik iyi davranış
Jet,Tepkili motorlar ile çalışan uçak
Jikle,Motorlu taşıtların yüksek devirle çalışması için fazla benzin akışı sağlayan alet
Jile,Kolsuz Kadın giysisi
Jilet,Traş bıçağı
Jip,Taşıt
Jokey,Yarış atı binicisi
Jön,Genç
Jul,İş birimi
Jut (?),Mutluluk
Jüt,Çuval Yapılan Hint bitkisi
Kabe,Kutsal mekan
Kabin,Özel bölme
Kabir,Mezar
Kaç,Adet soran sayı sıfatı
Kaça,Ne kadar
Kaçı,Ne kadarı
Kaçık,İlmeği kaçmış
Kadınlı,Kadını olan
Kadir,Değer / kıymet / itibar
Kadit,Çok zayıf / İskelet
Kafa,İnsan başı / Ser
Kafes,Demir çubuklu bölme
Kağan,İmparator
Kah,Gah / Bazen / Bazı
Kak,Zayıf / Kuru
Kaka,Dışkı
Kal,Söz / Lakırdı / Laf
Kala,Kaldığında
Kalan,Artan
Kale,Denizli ilçesi
Kalem,Yazma aracı / Çeşit / Tür
Kalım,Kalma işi
Kalın,Etli / Dolgun
Kalıt,Miras
Kam,Şaman
Kama,Keskin uzun bıçak
Kame,Iki katmanlı değerli bir taş
Kamer,Ay
Kamet,Boy / Endam
Kamil,Yetkin / Erişkin / Mükemmel
Kamu,Halk / Halk hizmeti gören devlet organları
Kan,Soy / Vücut sıvısı
Kana,Geminin baş ve kıçına konan su çekme işaretleri
Kanı,Inanç / düşünce / kanaat
Kani,Kanmış / İnanmış
Kano,Kürekle yürütülen hafif tekne
Kapı,Açılıp kapanma düzeni olan bölme
Kar,Donmuş su / Hava olayı
Kara,Siyah
Kare,Eşit kenarlı dörtgen
Karı,Kadın / Yaşlı / Refika / Zevce
Kari,Okuyucu / Okur
Karlı,Üzerine kar yağan
Karne,Öğrenci belgesi
Kaset,Manyetik şerit olan kayıt aracı
Kasır,Köşk
Kaş,Antalya ilçesi
Kaşan,Binek hayvanları işemesi
Kaşe,Damga / Mühür
Kaşık,Sofra aracı
Kat,Üst üste konmuş şeyler
Katar,Tren
Katı,Ekmeğe katılan
Katır,At ile eşek çiftleşmesinden olan hayvan / Kaba / Bayağı
Kati,Kesin
Katil,Insan öldüren kişi / Cani
Kav,İçki Mahzeni
Kavi,Dayanıklı / Güçlü
Kavun,Tatlı meyve çeşidi
Kay,Yağmur / Kusma
Kaya,Sert taş kütlesi / Kayaç
Kayak,Kar su çim üzerinde kayma aracı
Kayın,Ağaç türü
Kaz,Budala / Kuş türü
Kazı,Hafriyat
Kazıl,Çuval dikme ipi
Kazılı,Kazılmış
Ke,Harf
Kebe,Kısa kepenek
Keçe,Kaba kumaş
Keçi,Hayvan türü
Kef,Pişen etin üstünde biriken köpük
Kek,Tatlı çörek
Keka,Ne güzel / Ne iyi
Keke,Kekeme
Kel,Saçsız
Kelem,Lahana
Keleş,Çirkin / Kötü
Kem,Kötü / Fena
Keme,Büyük Sıçan
Kement,Idam için kullanılan ip
Kenar,Bir şeyi çevreleyen çizgi
Kene,Asalak bir böcek / Sakırga
Kent,Şehir / Site
Kep,Başlık
Ker,Kuvvet / Kudret
Kerti,Kerte / Bayat (ekmek et)
Kertik,Gedik / Çentik
Kes,Bir çeşit jimnastik ayakkabısı
Kese,Küçük torba
Kesir,Bir birimin bölündüğü parçalar
Keş,Esrarkeş / Ayyaş
Keşan,Edirne ilçesi
Keşen,Zincirden yular
Ket,Engel
Kete,Bir çeşit yağlı çörek
Keton,Organik bir bileşik
Kez,Defa / Kere
Keza,Aynı biçimde
Kıble,Güneyden esen yel
Kıç,Popo / Makat / Teknelerin arka tarafı
Kığ,Koyun keçi pisliği / Kığı
Kıl,Keçi tüyü
Kılıç,Bir silah türü
Kımıl,Zararlı böcek
Kın,Kesici araç kabı
Kına,Kına ağacından elde edilen boya
Kır,Renk
Kırım,Toplu katliam
Kırk,Sayı
Kısas,Kıssalar / Hikayeler / Öyküler
Kısmet,Talih / Kader
Kıta,Dörtlük / Parça / Tane
Kıtır,Patlamış mısır
Kıyas,Karşılaştırma / Mukayese
Kıyı,Kara ile suyun birleştiği yer / Issız yer
Kıyık,Yorgan iğnesi / Çuvaldız
Ki,Bağlaç
Kik,Futa
Kil,Yumuşak yağlı toprak
Kile,Tahıl ölçme kabı
Kiler,Erzak saklanan oda veya dolap
Kilim,Yere serilen desenli dokuma
Kilise,Ibadet yeri
Killi,Içinde kil olan
Kilo,Ağırlık ölçü birimi / Kilogram
Kim,Kişi sorusu
Kimi,Bazı / Birtakımı
Kin,Garaz
Kinin,Sıtma tedavisinde kullanılır
Kininli,Içinde kinin bulunan
Kip,Sağlam / Dayanıklı
Kir,Leke / Şaibe
Kirli,Pis
Kist,Patalojik kitle
Kiş,Fransız hamur yemeği
Kişi,Şahıs / Zat / Eş
Kit,Macun
Koç,Erkek koyun
Kod,Şifre
Kokain,Koka yapraklarından yapılan uyuşturucu
Koku,Güzel kokmak için sürülen esans
Kol,Vücut parçası
Kola,İçecek türü
Kolan,İnce kuşak
Koli,Posta paketi
Kolik,Barsak ve böbreklerde güçlü sancı
Kolit,Kalın bağırsak yangısı
Kom,Yayla evi
Koma,Hastalıklarda bilinç kaybı durumu
Komi,Garson yardımcısı
Komutan,Kumandan
Konç,Çorabın bilekten baldıra olan bölümü
Koni,Geometrik bir şekil
Konuk,Konakçının üzerindeki asalak
Kor,Iyice yanarak ateş haline gelmiş odun kömür parçası
Koşun,Koşu / Yarış
Kota,Kontenjan sınırı / İthal mal ticaret sınırı
Kov,Dedikodu
Kova,Sulu şeyler taşımaya yarayan kap
Koy,Deniz ve gölün küçük kara girintileri
Koz,Ceviz
Kozak,Kozalak
Kök,Bitkileri toprağa bağlayan bölüm
Kör,Görme engelli
Köre,Karınca yuvası
Köri,Baharat çeşidi
Kös,Büyük davul
Köse,Gümüşhane ilçesi
Köz,Küçük kor parçası
Krem,Açık saman rengi
Krep,Yumurta süt ve un ile tavada yapılan bir yiyecek
Kriko,Kaldırıcı
Krom,Havada oksitlenmeyen element
Kron,İskandinav ülkeleri para birimi
Kuğu,Perde ayaklı bir su kuşu
Kuka,Dantel ipi yumağı
Kul,Köle / Karavaş
Kula,Manisa ilçesi
Kulaç,Gerli iki kol parmak uçları arasındaki uzaklık
Kule,Cihannüma / kare veya silindir şeklinde yüksek yapı
Kulle,Büyük bağ evi
Kum,Ufak silisyum tanecikleri
Kuma,Aynı erkekle evli kadınlar
Kup,Giysi kesimi
Kupa,Cam veya seramikten yapılı büyük bardak
Kur,Gönül kazanmaya çalışma
Kura,Çekilişle sonuç belirleme
Kuru,Suyu nemi olmayan
Kurum,Bacada biriken is
Kuş,Ucucu hayvanlar
Kuşe,Kaygan kağıt
Kut,Mutluluk / Rahmet / Bereket
Kutu,Kapaklı kap
Kuyu,Toprağa açılan su çıkarma amaçlı oyuk
Kuz,Gölgede kalan
Kuzey,Yön / Şimal
Küf,Yeşil renkli mantar
Küfe,Yük taşıma sepeti
Kül,Yanık kalıntısı
Külot,Don
Künk,Kalın beton boru / Büz
Küpe,Süs eşyası
Kür,Tedavi yöntemi
Kürdan,Diş temizleme aracı
Küre,Yeryüzü / Dünya
Kürt,Asya ırkı
Küs,Küsmüş / Dargın
Küt,Kısa / Kalınca
La,Nota
Laf,Söz
Lağım,Pis suların gitmesi için açılmış kanal / Geriz
Lak,Bir çeşit zamk
Lake,Lak ile cilalama
Lal,Bir taş cinsi ve rengi
Lala,Şehzade eğitmeni
Lale,Çiçek cinsi
Lam,Mikroskopta kullanılan cam
Lama,Buda rahibi / Güney Amerika'da bir hayvan türü
Lan,Ulan / Argoda seslenme şekli
Lantan,Element türü
Lap,Yumuşak düşme sesi
Lapçın,Meşin tabanlı mest / Edik
Lari,Gürcistan parası
Lata,Dar ve kalın tahta
Lav,Yanardağ püskürtüsü
Lavaş,Yufka inceliğinde açılmış pide
Laz,Güney Kafkas halkı
Laza,Bal teknesi
Lazer,Değişik alanlarda kullanılan güçlü ışık kaynağı
Le,Harf
Leb,Çabuk anlamak anlamında
Leçek,Başörtüsü
Led,Diyotlu aydınlatma kısaltması
Lef,Içine sokma / İliştirme
Leğen,Içinde bir şey yıkamak için kullanılan yayvan kap
Leh,Polonyalı
Lenf,Ak kan / Lenfa
Lep,Dudak / Kenar
Leş,Hayvan ölüsü
Leva,Bulgar parası
Ley,Romanya para birimi
Lığ,Alüvyon
Lice,Diyarbakır ilçesi
Lig,Yarışma grubu
Liga,Üç deniz mili uzunluğunda ölçü birimi
Lim,Küçük limon
Lima,Peru başkenti
Link,Ilişim / Atın eşkin yürüyüşü
Lir,Mitolojik çalgı
Lise,Okul türü
Loca,Masonluk bölümleri
Logo,İmlek
Loğ,Silindir biçimli ağır taş / Yuvgu / Yuvak
Lok,Gemiler için havuz
Lop,Yumuşak / Yuvarlak
Lor,Peynir cinsi
Lort,Süslü gösterişli kişi / İngiliz soyluluk ünvanı
Loş,Yarı karanlık
Lot,Tutam
Loto,Şans oyunu
Lök,Deve
Lös,Sarı renkli verimli balçık
Lup,Büyüteç
Lük,Hint zamkı
Lüks,Aşırı / Fazla / Gereksinim dışı
Lüle,Bükülmüş / Dürülmüş
Lüp,Kolayca yutma
Macar,Macaristan hakından olan
Maç,Karşılaşma
Maça,Oyun kağıdı serisi
Maço,Sert karakterli kaba erkek
Maden,Çok değerli şeyleri kapsayan alan
Mah,Ay
Mai,Mavi
Makat,Kıç / Anüs
Maket,Bazı eserleri taslak hali
Maki,Akdeniz bölgesi bitki türü
Mal,Büyükbaş hayvan
Mala,Sıva aracı
Malaz,Sulak yer
Male,Maldivler başkenti
Malen,Malca
Mali,Parasal / Maliyeye ilişkin
Malt,Bira için hazırlanan arpa
Malta,Bir ülke
Mamak,Ankara ilçesi
Mana,Anlam
Manas,Zararlı böcek türü
Manat,Azerbaycan parası
Mani,Bir çeşit ruh hastalığı
Mania,Mani / Engel
Mantı,Hamur yemeği çeşidi
Marj,Pay
Marke,Markaja almak / Gölgelemek
Market,Özellikle yiyecek maddeleri satılan dükkan
Marul,Salatalık bitki
Maruz,Arz edilen / Sunulan / Verilen
Mas,Emme
Masa,Mobilya cinsi
Maş,Börülce türü
Maşa,Küçük metal tutacak
Maşalı,Maşası olan
Mat,Parlak olmayan
Maya,Yaradılış / Öznitelij
Mayın,Bir tür patlayıcı
Mayo,Deniz kıyafeti
Mazı,Süs bitkisi
Me,Harf / Kuzu sesi
Mecal,Güç / Kuvvet
Meç,Saçın değişik renklerde boyanması
Medar,Dayanak / Yardımcı / Dönence
Meğer,Oysa / Oysaki
Meke,Yaban ördeği cinsi
Melik,Padişah / Hükümdar / Hakan
Men,Yasaklama / Engelleme
Mera,Otlak
Mesir,Bahar Bayramı'nda dağıtılan baharlı şeker
Mest,Sarhoş / Kısa konçlu ayakkabı
Mesut,Mutlu / Sevinçli / Ongun
Meşe,Ağaç türü
Meşk,Yazı veya müzik dersi
Met,Kabarma
Metal,Elektrik ve ısı iletim aracı
Metalik,Metal gibi parlak olan
Metan,Bataklık gazı
Mey,Şarap
Meyil,Eğim
Mıcır,Yol yspımında kullanılan yaş parçası / Mucur
Mıh,Büyük çivi
Mi,Nota
Miço,Tayfa yamağı / Muço
Mide,Karın bölgesi
Midi,Orta
Mik,Ince uzun metal çubuk / Mesafe birimi
Mika,Ateşe dayanıklı parlak mineral
Mikro,Küçük / Dar
Mil,Uzaklık ölçü birimi
Mimik,Yüz el kol hareketi ile düşünce anlatma
Mimli,Kuşku duyulan
Mir,Bey / Emir
Miraç,Göğe çıkma
Mis,Güzel
Misafir,Konuk
Misel,Koloid iyonların bütünlüğü
Mit,Efsaneleşen kavram ya da kişi
Mizaç,Huy / Yaradılış
Moda,Geçici olarak toplumsal beğeniye uygun olan
Moka,Hoş kokulu bir tür kahve
Mol,Molekül ağırlığı
Mola,Duraklama / Dinlenme
Mor,Bir renk
Moral,Manevi güç / Maneviyat
Morina,Balık cinsi
Motel,Küçük otel
Mö,İnek sesi
Mucuk,Bir tür küçük sinek
Muf,Uç uca eklenen boru parçası
Mum,Aydınlanma aracı
Mus,Köpük şeklinde tatlı
Muş,Bir ilimiz
Mut,Mutluluk
Muti,Yumuşak başlı / İtaat eden
Muz,Meyve cinsi
Mül,Şarap
Mülk,Şevk / Heves
Nah,İşte
Nail,Erişmiş / ulaşmış
Nakil,Taşınma / Göç
Nakli,Taşıma ile ilgili
Nal,Atların  ayağına çakılan demir
Nale,Inleme / İnilti
Namaz,İbadet
Name,Mektup
Namlı,Ünlü
Namus,Dürüstlük / Doğruluk
Nar,Meyve
Narin,İnce Yapılı
Nas,Dogma / Açık kesin yargı
Nasır,Sertleşmiş el ayak derisi
Naz,Cilve / Eda / Şımarıkça davranış
Nazende,Nazlı
Nazır,Bakan
Ne,Harf / Soru
Nebi,Kitap indirilmemiş peygamber
Nece,Hangi dilde
Neci,Ne iş yapar anlamında soru
Necip,Soylu / Soyu temiz
Neft,Boyacılıkta kullanılan bir yağ
Nem,Hafif Islaklık
Nene,Nine / Anne
Net,İyi duyulan
Nev,Şekil / Cins / Tür
Ney,Çalgı
Nice,Birçok
Nida,Çağırma / Bağırma / Ünlem
Nifak,Ara bozuculuk
Nil,Mısır'da nehir
Nim,Yarı
Niş,Duvar içinde bırakılan oyuk
Nitel,Nitelik bakımından / Kalitatif
Nitrat,Nitrik asit tuzu
Niye,Niçin / Neden
Nod,Düğüm
Nom,Mısır şehir devleti
Not,Kısa yazı
Nota,Muhtıra
Notam,Pilot bülteni
Nova,Parlaklığı birden değişen yıldız
Nur,Aydınlık / Işık / Ziya
Nü,Çıplak
Nüve,Bir şeyin özü
Od,Ateş
Oda,Serbest meslek üyelerini toplayan birlik
Odak,Mihrak / Fokus
Of,Trabzon ilçesi
Oğuz,Türk boyu
Oh,Sevinç sözü
Oha,Kaba söz / Hayvan durdurma sözü
Oje,Tırnak cilası
Ojeli,Oje sürülmüş
Ok,Yayla atılan tahta çubuk / Silah çeşidi
Okçu,Okçuluk yapan kimse / Kemankeş
Okey,Konkene benzer taşla oynanan oyun
Okka,Eski ölçü birimi / Kıyye
Ol,Gösterme sıfatı
Ole,Yaşa
Oley,Yaşa
Oma,Kalça kemiği
Omur,Omurgayı oluşturan kemiklerden her biri
Omuz,Boynun iki yanındaki bölüm
On,Sayı
Ona,O zamirinin yönelme durumu almış hali
Onar,On sayının eleştirmesi
Onur,Şeref / İtibar
Ora,O yer
Orak,Ekin biçme işi / biçme aracı
Oral,Ağızcıl
Oran,Büyüklük / Nicelik
Orası,O yer / Ora
Ortaç,Sıfat-fiil
Oruç,İbadet türü
Ot,İlaç / Zehir
Otacı,Hekim ya da eczacı anlamında ünvan
Otağ,Büyük süslü çadır / Çerge
Otel,Turistik işletme
Oto,Otomobil
Otuz,Sayı
Ova,Düz alan
Oy,Tercih / Seçim
Oya,Ince dantel
Oyma,Oyma işi
Oyun,Vakit geçirmeye yarayan eğlence
Öç,İntikam
Öçlü,Kin ve intikam dolu
Öd,Safra
Ödem,Organlarda aşırı sıvı birikmesi
Ödeme,Ödeme işi
Ödün,Taviz / İvaz
Öge,Gerekçe / Araç
Öğlen,Öğle
Ök,Anne
Öke,Deha sahibi
Öksüz,Kimsesiz
Ölme,Ölmek durumu / Kabız / Fevt / Uful
Ön,Yakın zaman
Öneri,Teklif / İleri sürülen şey
Öreke,Bir ucu çatal değnek
Örs,Üzerinde maden dövülen araç
Örü,Örme işi
Öte,Bir şeyin arka bölümü / Daha fazla / Daha çok
Ötme,Örnek işi
Öyle,Ona benzer / o tarzda
Öz,Benlik
Öze,Özgü
Özen,Itina / ihtimam
Özet,Fezleke / Hülasa
Özüt,Madde özü
Pa,Ayak
Paça,Kasaplık hayvan ayağı
Paçalı,Paçası olan
Paçalık,Paça çorbası için ayrılan parça
Paçoz,Fahişe
Paf,Homurdanmaya benzer ses
Pah,Eğik kesilmiş kenar
Paha,Değer / Fiyat
Pak,Temiz
Pal,Güvercin cinsi
Pala,Bir çeşit kılıç
Palaska,Asker kemeri
Panç,Yumruk
Pane,Yemek malzemesini yumurta ve galeta unundan geçirme
Pare,Tane
Pas,Oksitlenme sonucu oluşan madde
Pasif,Çekingen / Durgun / Edilgen
Pat,Yassı/ Basık
Pay,Marj / Hisse
Paylı,Hisseli
Pazı,İspanakgillerden bitki
Pazılı,Pazısı olan
Pe,Harf
Peç,Rus mimarisinde oda ısıtmak için kullanılan ocak
Peh,Şaşırma / küçümseme
Peni,Sterlinin yüzde biri
Peri,Doğa üstü güçleri olan varlık
Peru,Güney Amerika ülkesi
Peş,Arka / Art
Peşin,Çalışmadan verilen ücret
Pet,Evcil hayvan
Pır,Kanat sesi
Pışık,Kuşku belirten el göz işareti
Pıt,Su damlası sesi
Pi,Pi sayısı
Piç,Babası belli olmayan
Pik,Dökme demir / Maça
Pil,Batarya
Pili,Kumaş kıvrımı
Piliç,Genç güzel kız veya kadın
Pim,Bir tür tahta veya metal çivi
Pinti,Cimri / hasis
Pir,Yaşlı / Kurucu / Guru
Pire,Asalak bir böcek türü
Pis,Çirkin / Sevimsiz
Pişek,Pişeğen
Pişim,Pişirme işi
Planör,Uçağa benzer motorsuz hava taşıtı
Pos,Gür ve uzun bıyık
Poşu,Baş örtüsü türü
Pot,Yanlışlık / Hata / Gaf
Pota,Maden eritilen kap
Poz,Fotoğrafta duruş
Pöç,Kuyruk sokumu kemiği
Proje,Gerçekleştirilmesi beklenen tasarı
Pul,Posta için kullanılan kağıt
Put,Tapınılan nesne
Ra,Mısır'da güneş tanrısı
Rab,Tanrı
Rabat,Fas başkenti
Rabıt,Bağlaç / Bağ
Raca,Hindistan prenslik ünvanı
Raci,Geri dönen / Dokunan
Racon,Yol / Yöntem / Usul
Raf,Levha
Rahat,Aldırmaz / Gamsız
Raket,Tenis ve masatenisinde topa vurma aracı
Rakı,Aslan sütü / İçki / İmamsuyu
Rakit,Durgun su
Ram,Boyun eğen
Rami,ısırgangilerden bir bitki
Ranza,Üst üste yapılan yatak yeri
Rast,Tesadüf
Raşi,Rüşvet veren kimse
Rate,Büyük fare
Ray,Demiryolu
Raylı,Ray üzerinde hareket eden
Raz,Sır
Razı,Benimseyen / İsteyen / kabul eden
Re,Harf / Nota
Reel,Gerçek
Reis,Başkan / Lider
Reji,Oyun yönetme
Rejim,Yönetim biçimi / Diyet
Rekor,Sporda elde edilen üstün derece
Remil,Kum falı
Rende,Marangoz veya mutfak aleti
Resen,Bağımsız olarak
Ret,Kabul etmeme
Reva,Yakışır / Uygun
Revani,Bir tatlı çeşidi
Revü,Dans ve sahne gösterisi türü
Rey,Oy / Düşünce
Reye,Çizgili kumaş
Reyon,Mağaza bölümleri
Rıh,Mürekkep kurutmak için kullanılan ince kum
Rika,Arap harfi elyazısı biçimi
Riya,Iki yüzlülük
Rok,Satranç hamlesi
Roka,Salata bitkisi
Rol,Gerçek olmayan davranış
Rom,Alkollü sert bir içki
Roma,İtalya başkenti
Romalı,Roma halkından olan
Rot,Tekerlek direksiyon bağlantısı sağlayan demir çubuk
Roze,Bir tür pembe şarap
Rozet,Yakaya takılan sembolik metal nesne
Ruba,Urba / Giysi / Giyecek
Ruf,Binaların üst katındaki eğlence yeri
Ruj,Dudak boyası
Rulo,Silindir biçimli pasta köfte
Rum,Doğu Roma halkı
Rumi,bir tür Anadolu süslemesi
Run,Göktürk harfi
Rus,Rusyalı
Rustik,Pencere üstlerine takılan ahşap korniş
Ruz,Gün
Rüya,Düş
Saba,Türk sanat müziğinde makam
Sac,Yassı demir çelik ürünü
Saç,Baş derisini kaplayan kıllar
Saçak,Görünüşü püskülü andıran
Saçaklı,Saçağı olan
Saçı,Düğün armağanı
Sada,Seda
Sadak,Içine ok konulan kılıf
Sadet,Asıl konu / Asıl madde
Sağ,Yön / Yaşam / Gekenekçi
Sah,Birşeyin doğru olduğunu belirtir işaret
Sak,Gözü açık / Uyanık
Saka,Kuş cinsi
Sake,Japon rakısı
Sakim,Bozuk / Yanlış
Salık,Tavsiye
Salik,bir yola giren
Sam,Sam yeli
Samoa,Ülke adı
San,Ün
Sanı,Sanma durumu / Zehap
Sanık,Maznun / Suçlu olduğu düşünülerek mahkemeye verilen kişi
Sara,Epilepsi
Sari,Hint kadınlarının giysisi
Sarp,Güç / Zor
Satı,Satm işi / Adanmış
Satış,Satma işi
Sav,Savunulan düşünce
Sava,Haber / Muştu
Say,Düz yassı taş
Saye,Gölge / Koruma / Yardım
Saz,Müzik aleti / Kamış / Kiliz / Kofa
Sazlı,Daz çalınarak yapılan
Se,Harf / Üç
Seçki,Seçme eserler / Antoloji / Güldeste
Sek,Su katılmamış
Seki,Doğal set / Taraça
Sel,Su baskını
Sela,Cenaze namazı habercisi
Selam,Merhaba / Esenleme
Selek,Cömert
Sema,Gök
Seme,Sersem
Sene,Yıl
Senek,Çam ağacımdan yapılmış testi
Serap,Göz yanılması / Pusarık / Ilgım / Yalgın
Ses,Seda / duygu
Set,Masa tenisi voleybol gibi oyunlarda maç bölümleri
Sevi,Aşk
Sevinç,Istenen bir şeyin olması ile duyulan coşku
Seyis,At bakıcısı
Seza,Uygun / Yaraşır
Sık,Çok bulunan
Sıkım,Sıkma işi
Sıla,Yakınlara kavuşma
Sır,Gizli yöntem
Sırım,Ince uzun esnek deri parçası
Si,Müzik notası
Sik,Erkeklik organı
Sille,Elin içiyle vurulan tokat
Silo,Ambar
Sim,Gümüş / İşaret
Sima,Yüz / Tip
Sin,Mezar / Kabir / Ölü gömülen yer
Sine,Göğüs / Bağır
Sinek,Uçucu böcek türü / İskambil deseni / İspati
Sinik,Sinmiş / Yılık
Siren,Tiz ses çıkaran uyarıcı alet / Deniz kızı
Siret,Özgeçmiş
Sis,Hava olayı
Sit,Tarihi eser
Site,Şehir
Siz,Şahıs zamiri
Sizce,Size göre
Smaç,Voleybolda vuruş stili
Soba,Isınma aracı
Soda,Temizlik tuzu
Sodalı,Içinde soda bulunan
Sof,Astarlık kumaş
Soğuk,Düşük ısılı sıcak karşıtı
Sokak,Caddeye oranla kısa ve dar yol
Sol,Yön
Som,Katışıksız
Soma,Manisa ilçesi
Somun,Yuvarlak tombul ekmek
Son,Uç / Sınır olanca
Soru,Sual / Karşılık gerektiren söz
Sos,Yemeklerde kullanılan karışım
Soy,Cins / Tür / Çeşit
Soya,Protein değeri zengin fasulye türü
Söke,Aydın ilçesi
Sör,İngiliz soyluluk ünvanı
Söz,Kelam / Laf / Kavikil
Stil,Üslup / Biçem
Su,Sıvı
Sucu,Su satan kişi / Saka
Suç,Yasalara aykırı davranış / Cürüm
Sulh,Barış
Sunmak,Radyo TV programı takdim etmek / Arz etmek
Sup,Bir tatlı türü / Supangle
Sur,Kale duvarı
Sura,Ipekli kumaş türü
Sure,Kur'an'ın bölümleri
Suskun,Sessiz / Sakin
Sut,Sodyum karbonatın ticari adı
Sü,Asker/ çeri
Sülün,Bir kuş türü
Sümük,Nemli kaygan salgı
Sürat,Hız
Süre,Olayın başı ile sonu arasındaki zaman
Süs,Süsleme / Süslenme
Süslü,Süsü olan / Bezenmiş
Süt,Memelilerin yavru besleme sıvısı
Şad,Sevinçli / Neşeli
Şah,İran hükümdarı
Şak,Yarık / Çatlak
Şal,Omuz atkısı
Şali,Tiftikten yapılmış ince kumaş
Şam,Suriye başkenti
Şama,Bal mumuna batırılmış fitil
Şaman,Kam / Büyü yapan gelecekten haber veren kimse
Şamar,Açık elle yüze vurulan tokat/ beşkardeş
Şamil,Kaplayan / Kapsayan
Şan,Gösteriş
Şans,Talih / Felek
Şanslı,Talihli / Ballı
Şap,Öperken çıkan ses
Şarj,Yükleme
Şark,Doğu
Şarki,Doğuya özgü
Şart,Kural / Koşul
Şasi,Motorlu taşıtların iskeleti
Şaşı,Gözleri çarpıtmak
Şat,Düz tekne
Şato,Kuleler ile çevrili konak
Şavul,Çekül
Şaz,Ayrık / Kural dışı
Şe,Harf
Şeb,Gece
Şek,Kuşku
Şekel,İsrail parası
Şekerlik,Şeker kabı
Şen,Neşe belirtisi
Şer,Kötülük / Fenalık
Şerit,Dar uzun kıyı parçası / Kumaş parçası
Şeş,Altı
Şev,Inişli yer / Eğik / Meyilli
Şey,Nesne / Madde
Şık,Güzel / Zarif / Uygun
Şia,Şiilik
Şiar,Ülkü / Düstur / Deyiş
Şifa,Hastalıktan kurtulma / Onma
Şile,İstanbul ilçesi / Mercanköşk
Şilt,Armağan olarak verilen levha / Ergilik
Şimal,Kuzey
Şip,Biz
Şirk,Eş koşma
Şiş,Şişkin / Et pişirme aracı
Şita,Kış
Şive,Söyleyiş özelliği / Naz / Eda
Şok,Ani şaşkınlık
Şom,Uğursuz
Şor,Batı sibirya'da Türk topluluğu
Şov,Gösteri
Şövale,Ressam sehpası
Şu,İşaret
Şua,Işın
Şuh,Neşeli ve serbest kadın
Şut,Vuruş
Ta,Dek / Değin
Taalluk,İlgi / İlinti
Tab,Bası / Huy / Karakter / Mizaç
Taba,Tütün rengi
Tabak,Yiyecek koymaya yarayan kap
Taban,Ayağın alt yüzü
Tabi,Bağımlı
Tabip,Hekim
Tabir,Yorum
Tabu,Yasaklanacak korunan
Tabut,Içine ölü konulan sandık
Tacil,Hızlandırma
Taç,Gelin başı süsü
Tadil,Değişiklik
Taht,Hükümdarlık makamı
Tak,Tok ses
Taka,Karadeniz'de yelkenli tekne
Takı,Kadınların süs eşyası
Takma,Takma işi
Takmak,Ad lakap koymak / Borç bırakmak
Tal,Bitkinin yaşama ve büyüme organı
Talaş,Rende / Matkap gibi araçlar ile işlenen bir şeylerden dökülen kırıntılar
Tali,Ikinci derece / İkincil
Tam,Bütün / Tüm / Eksiksiz
Tamah,Açgözlülük
Tamahkar,Aç gözlü
Tan,Alacakaranlık / Fecir
Tane,Tohum / Adet
Tanı,Teşhis
Tank,Savaş aracı
Tapulu,Tapusu olan
Tar,Çalgı türü
Taraça,Teras
Taraça,Teras / Seki
Taraf,Yön / Yer
Tarak,Saç düzeltme aracı
Tart,Bir tür meyveli pasta
Tartı,Ağırlık / Tartma aleti
Tartılı,Tartılmış / Ölçülü / Dengeli
Tarz,Biçim / Yol / Stil / Janr
Tasar,Bir işin seviyesini gösteren resim düzey plan
Taş,Sert ve katı madde
Tat,Duyum
Tav,Isının nemin yeterli olma durumu
Tava,Mutfak eşyası
Tavan,En üst seviye fiyat
Tavcı,Birini yüzüne gülerek kandırma
Tay,At yavrusu / Denk / Eşit / Eş
Tayin,Atama
Tayt,Bacakları sıkı saran kumaş türü
Taze,Bozulmamış / Dinç
Tazı,Çevik bir tür köpek
Te,Harf
Teç,Çeç
Tef,Kasnaklı çalgı
Teğet,bir eğrinin kenarından geçen doğru
Tek,Yegane
Tekin,Güvenilir
Tekir,Balık türü / Kedi cinsi
Tekmil,Tamamlama / Bitirme
Tel,ince metal ip
Tela,Kolalı kumaş
Tem,Tema
Tema,Konu
Temel,Taban / Esas / Baz / Asıl
Temin,Sağlama / Elde etme
Ten,Vücut / Cilt
Tenha,Issız
Ter,Vücut sıvısı
Tere,Salatalık bitki
Terli,Terlemiş olan
Ters,Zıt / Karşıt / Hayvan pisliği
Tesir,Etki
Tez,Çabuk / Süratli
Tezat,Karşıtlık
Tığ,Dantel şişi
Tık,Vurma sesi
Tın,Tınlama sesi
Tını,Ses özelliği
Tıp,Tababet / Sağlık bilimi
Tıpa,Tapa
Tır,Uzun kamyon
Tırnak,Parmak uçlarını örten boynuzsu tabaka
Tıs,Kaz kedi yılan sesi
Ti,Boru sesi
Tik,Istemsiz kas hareketi
Tike,Parça / Lokma
Tim,Küçük güvenlik birliği
Tin,Ruh
Tiner,Inceltici
Tip,Tür / Çeşit
Tirit,Yaşlı ve zayıf kimse / Et suyu na bayat ekmekle yapılan yemek
Titr,San
Tiz,İnce ses
Tok,Kalın ve gür ses / Açlığını gidermiş
Tol,Küçük köy / kulübe
Ton,Ağırlık birimi
Tonik,Losyon türü
Topu,Hepsi
Tos,Akın veya boynuzla vuruş
Toy,Deneyimsiz/ Çaylak / Acemi
Toz,küçük parçacıklar
Tör,Başköşe
Töre,Adap
Tören,Kutlama
Tös,Hayvanı töskürtmek için söylenen söz
Töz,Kök / Asıl / Cevher
Trol,Bir çeşit balık ağı
Tu,Tuh
Tuğ,Sorguç
Tul,Boylam / Uzunluk
Tun,Gizli yer / Köşe bucak
Tuna,Avrupa'nın ikinci büyük ırmağı
Tur,Dolaşma / Seyahat
Turaç,Bir kuş cinsi
Turan,Türklerin Ortasya'daki eski yurtları
Turanlı,Orta Anadolu ' da yaşamış halk / Turani
Tuş,Vurulan düğme
Tuz,Sodyum klorür
Tüf,Yanardağların püskürttüğü çökelti taşı
Tül,Çok ince sentetik dokuma
Tüm,Tümsek / Tümü / Tamamı
Tümce,Cümle
Tümör,Ur
Tün,Gece
Tür,Çeşit / Cins
Türe,Adalet
Türel,Adalet ile ilgili
Türk,Türkiye sınırları içinde yaşayan halk
Tüy,Deri üzerindeki ince uzantılar
Tüyo,Gizli bilgi / Kopya
Uca,Kuyruk sokumu kemiği
Uç,Kenar / Tepe
Uçak,Tayyare
Uçarı,Ele avuca sığmaz / Sefih
Uf,Acı sıkıntı sözü
Ufo,Kimliği belirlenemeyen gök cisimleri
Uğrak,Çok uğranılan yer
Ulak,Haberci
Ulam,Makule / Kategori
Ulan,Öfke ve nefret sözü
Ulaş,Sivas ilçesi
Ulvi,Yüce / Eşsiz
Un,Öğütülmüş tahıl
Ur,Tümör
Uran,Sanayi
Uray,Belediye
Urba,Giysi
Urum,Azak kıyısında yaşayan Türk halkı
Us,Akıl
Ut,Çalgı
Uy,Vay
Uyak,Kafiye
Uyluk,Kalçadan diže kadar bacak bölümü
Uyuşma,Uzlaşma
Uz,Becerikli / Mahir
Uza,Defol git anlamında
Uzak,Yakın olmayan yer
Uzam,Bir nesnenin uzayda kapladığı yer / Vüsat
Uzi,Makineli tüfek türü
Ücra,Çok uçta / Kıyıda köşede
Üç,Sayı
Üçüz,Üçü bir arada doğan çocuk
Üf,Usanç / Bezginlik
Ülke,Devlet / Diyar / Memleket
Ümmet,Hz. Muhammed çevresinde toplanan müslümanların tümü
Ün,Şöhret / Şan
Üre,Azotlu madde
Üretim,Istihsal / Tüketim karşıtı
Ürün,Eser / Mahsul / Yaratılan şey
Üs,Kök / Asıl / Temel
Vadi,İki dağ arasındaki çukurca geçit
Vagon,Yük veya yolcu taşıyan demiryolu aracı
Vah,Yazık anlamında söz
Vakur,Ağırbaşlı
Vale,Iskambil kağıdında bacak
Van,Bir ilimiz
Vanlı,Van ilinden olan
Var,Mevcut
Varak,Yaprak
Vasi,Akulca zayıf birinin malını yöneten kimse
Vaşak,Yırtıcı bir hayvan
Vay,Şaşma anlatan söz
Ve,Harf
Vekil,Bakan
Ven,Toplar damar
Vena,Toplar damar
Vere,Bir kalenin teslimi
Vın,Vınlama sesi
Viraj,Dönemeç
Volan,Kadın giysisi süsü
Ya,Şaşkınlık
Yaba,Çatal biçiminde tahta tarım aracı
Yad,Yabancı
Yağ,Güzel kokulu uçucu madde
Yağlı,Yağı çok olan
Yağlık,Yağ için ayrılmış
Yak,Tibet öküzü
Yaka,Giysilerin boynu çeviren bölümü
Yakım,Yakma işi
Yakın,Uzak olmayan
Yal,Köpek yiyeceği
Yalaka,Dalkavuk / Sırnaşık
Yalı,Su kıyısında büyük görkemli ev
Yalman,Eğik / Sarp / Dik
Yaman,olağandışı
Yan,Yön / Taraf / Cihet
Yani,Demek oluyor ki
Yar,Uçurum
Yara,Dert / Acı / Üzüntü
Yarı,Devre arası
Yas,Matem / Ölüm acısı
Yasak,Yok / Memnu / Haram
Yaş,Hayatın evrelerinin her biri
Yaşam,Ömür / Hayat
Yaşıl,Fosil
Yat,Özel gezinti gemisi
Yatağan,Muğla ilçesi
Yatak,Eşya
Yatı,Gidilen yerde geceyi geçirme
Yatış,Yatma işi
Yave,Saçma
Yaz,Mevsim
Yazın,Edebiyat / Yaz mevsiminde
Yazış,Yazma işi
Ye,Harf
Yedi,Sayı
Yeğ,Üstün görülen / Müreccah
Yeis,Karamsarlık
Yek,Tek / Bir
Yekün,Toplam
Yel,Rüzgar
Yele,At aslan gibi hayvanların ensesindeki uzun kıllar
Yelek,Kolsu kısa giysi
Yemen,Bir ülke
Yen,Japon parası
Yeni,En son edinilen
Yenik,Mağlup / Aşınmış
Yer,Durum / Konum / Makam
Yıkı,Harabe
Yıl,Oniki aylık dönem
Yır,Şiir
Yo,Hayır anlamında kullanılır
Yogi,Yoga felsefesini uygulayan kişi
Yoğ,Eski Türklerde ölü töreni
Yok,Hayır anlamında kullanılır
Yol,Kara hava denizde gidilen mesafe / Tarik
Yom,Iyi talih / İyi haber
Yoma,Balıkçılıkta kullanılan halat çeşidi
Yonca,Çayır bitkilerinin genel adı
Yoz,Kaba / Adı / Bayağı
Yön,Tutulacak / izlenecek yol
Yuf,Kınama / Nefret bildiren söz
Yuh,Yuha / Öfke sözü
Yurt,Memleket / Diyar / Göçebe çadırı
Yük,Eşya
Yüklü,Yükü olan / Gebe / Varlıklı
Yün,Koyun tüyü
Zaç,Kükürt demir birleşimi
Zağ,Kılağı
Zahter,Bir çeşit kekik
Zalim,Acımasız / Zulmeden
Zam,Fiyat arttırma / Bindirim
Zaman,Dönem / Devir / Vakit
Zamane,Içinde bulunulan zaman
Zamir,Iç yüz / Adıl
Zamk,Yapıştırıcı
Zan,Sanı
Zar,Ince perde veya örtü / tavla oyun aracı
Zat,Kişi
Zati,Zaten
Ze,Harf
Zeki,Çabuk kavrayan
Zem,Kötüleme / Yerme / Yergi
Zen,Kadın
Zer,Altın
Zırh,Koruyucu özel kaplama
Zıt,Karşıt / ters
Zil,Ufak çan
Zile,Tokat'ın ilçesi
Zili,Bir kilim çeşidi
Zina,Evlilik dışı ilişki
Zir,Alt / Aşağı
Zom,Çok sarhoş
Zon,Bölge
Zona,Hastalık çeşidi
Zor,Sıkıntı / Güçlük / Baskı
Zum,Optik kaydırma
Zül,Ayıplanacak şey
